CustomerId,Name,Email,Phone,CreatedAt
1,Ananya Iyer,ananya.iyer405@mail.com,9080592042,10/8/2024 4:35
2,Vivaan Kapoor,vivaan.kapoor880@mail.com,9211381563,7/26/2022 21:07
3,Raj Joshi,raj.joshi371@mail.com,9217034346,4/11/2023 16:07
4,Arjun Bose,arjun.bose432@mail.com,9905783347,3/2/2022 21:45
5,Aditya Verma,aditya.verma749@mail.com,9356478393,12/25/2024 17:31
6,Aditya Menon,aditya.menon460@mail.com,9588824389,9/16/2023 22:22
7,Aarav Bose,aarav.bose852@mail.com,9121563189,7/4/2024 4:06
8,Aditya Reddy,aditya.reddy452@mail.com,9161559602,9/10/2022 3:06
9,Vihaan Bose,vihaan.bose478@mail.com,9401328109,1/17/2024 6:25
10,Diya Nair,diya.nair546@mail.com,9732898887,4/21/2024 7:05
11,Aarav Khan,aarav.khan484@mail.com,9163873901,2/7/2023 14:43
12,Karan Sharma,karan.sharma491@mail.com,9368137184,10/11/2024 8:47
13,Arjun Bhat,arjun.bhat927@mail.com,9818963510,12/24/2023 21:39
14,Anika Nair,anika.nair783@mail.com,9358078685,6/29/2024 23:57
15,Sai Iyer,sai.iyer485@mail.com,9753557152,8/19/2024 17:46
16,Rohan Gupta,rohan.gupta454@mail.com,9655645496,5/21/2023 19:45
17,Vihaan Mukherjee,vihaan.mukherjee453@mail.com,9020678176,5/6/2023 20:34
18,Aadhya Bose,aadhya.bose167@mail.com,9814531370,11/3/2024 10:37
19,Meera Patel,meera.patel87@mail.com,9291788694,2/17/2023 12:57
20,Ishaan Sharma,ishaan.sharma650@mail.com,9808084359,5/18/2022 13:58
21,Sai Khan,sai.khan52@mail.com,9233725130,10/9/2022 9:36
22,Krishna Joshi,krishna.joshi109@mail.com,9844835693,10/19/2024 15:57
23,Vivaan Gupta,vivaan.gupta682@mail.com,9359560120,7/30/2025 20:46
24,Meera Singh,meera.singh224@mail.com,9130262708,7/8/2023 22:24
25,Rudra Nair,rudra.nair87@mail.com,9981875774,6/28/2024 16:07
26,Meera Mehta,meera.mehta643@mail.com,9781558885,10/29/2023 19:24
27,Ira Verma,ira.verma643@mail.com,9664077556,1/30/2022 6:25
28,Krishna Reddy,krishna.reddy237@mail.com,9648092061,2/23/2025 6:48
29,Aisha Patel,aisha.patel709@mail.com,9625441819,12/5/2022 4:12
30,Avni Khan,avni.khan397@mail.com,9990072366,11/22/2022 23:17
31,Aadhya Sharma,aadhya.sharma163@mail.com,9964743133,1/6/2022 13:51
32,Meera Singh,meera.singh260@mail.com,9038097820,8/2/2023 5:26
33,Neha Mukherjee,neha.mukherjee936@mail.com,9570747620,5/10/2024 20:19
34,Krishna Singh,krishna.singh495@mail.com,9616058543,5/15/2024 18:27
35,Sai Das,sai.das570@mail.com,9338208372,5/22/2022 12:14
36,Arjun Mehta,arjun.mehta542@mail.com,9780836438,9/5/2024 2:11
37,Aarohi Sharma,aarohi.sharma75@mail.com,9995447219,9/1/2023 4:57
38,Arjun Nair,arjun.nair584@mail.com,9631266105,2/28/2022 9:31
39,Ananya Nair,ananya.nair487@mail.com,9229730464,3/28/2024 13:03
40,Kabir Das,kabir.das736@mail.com,9330280427,10/16/2023 7:29
41,Vihaan Shetty,vihaan.shetty508@mail.com,9124691329,8/5/2024 18:06
42,Meera Das,meera.das751@mail.com,9993197063,6/25/2022 20:36
43,Ishaan Gupta,ishaan.gupta360@mail.com,9919238840,10/15/2023 17:33
44,Diya Bose,diya.bose32@mail.com,9487000927,9/8/2024 6:04
45,Navya Shetty,navya.shetty939@mail.com,9690249932,6/5/2025 13:07
46,Neha Singh,neha.singh843@mail.com,9763337017,12/11/2024 3:43
47,Ira Das,ira.das165@mail.com,9892004742,10/25/2023 15:05
48,Shruti Patel,shruti.patel799@mail.com,9222224122,7/30/2025 5:56
49,Vivaan Patel,vivaan.patel5@mail.com,9824382068,1/8/2024 12:26
50,Ishaan Sharma,ishaan.sharma109@mail.com,9562312256,9/17/2024 6:07
51,Sai Shetty,sai.shetty320@mail.com,9275013560,5/2/2022 1:37
52,Pari Verma,pari.verma320@mail.com,9534893172,3/3/2025 20:11
53,Aadhya Bhat,aadhya.bhat905@mail.com,9410569063,7/21/2023 14:00
54,Neha Reddy,neha.reddy309@mail.com,9809366076,7/16/2022 17:52
55,Karan Bose,karan.bose188@mail.com,9235312780,5/28/2024 8:39
56,Rudra Bhat,rudra.bhat256@mail.com,9335109446,10/24/2023 8:43
57,Arjun Chatterjee,arjun.chatterjee441@mail.com,9045060775,7/22/2023 12:34
58,Saanvi Patel,saanvi.patel199@mail.com,9949917903,7/24/2022 11:03
59,Arjun Khan,arjun.khan515@mail.com,9225301196,1/16/2024 19:42
60,Shruti Joshi,shruti.joshi569@mail.com,9581963729,3/21/2024 1:09
